series_key,price_date,prophet_pred,lgbm_pred,sarima_pred,actual,month,day_of_week,is_weekend,roll_mean_7,roll_std_14,lag_1,lag_7,lag_30
Banana___Ajattihalli(Uzhavar Sandhai ),2024-10-20,80.88988528274704,61.36666666666667,60.253593104161794,60.0,10.0,6.0,1.0,58.285714285714285,5.862902555358271,60.0,60.0,60.0
Banana___Ajattihalli(Uzhavar Sandhai ),2024-10-21,76.74563761370722,61.32258064516129,58.26472105023469,60.0,10.0,0.0,0.0,58.285714285714285,5.862902555358271,60.0,60.0,60.0
Banana___Ajattihalli(Uzhavar Sandhai ),2024-10-22,60.178839690481695,61.28125,60.72065379761957,50.0,10.0,1.0,0.0,58.285714285714285,5.06658955021322,60.0,60.0,60.0
Banana___Ajattihalli(Uzhavar Sandhai ),2024-10-23,36.0396671446572,61.24242424242424,59.69639339069156,55.0,10.0,2.0,0.0,56.85714285714285,5.611996569359754,50.0,60.0,58.0
Banana___Ajattihalli(Uzhavar Sandhai ),2024-10-24,12.654451546957382,61.205882352941174,61.558583494372996,60.0,10.0,3.0,0.0,56.142857142857146,5.176553225525982,55.0,60.0,60.0
Banana___Ajattihalli(Uzhavar Sandhai ),2024-10-25,-69.37951712233918,61.17142857142857,56.55925557371029,55.0,10.0,4.0,0.0,56.142857142857146,5.176553225525982,60.0,48.0,60.0
Banana___Ajattihalli(Uzhavar Sandhai ),2024-10-26,-6.699058801798726,61.138888888888886,58.39246949200043,55.0,10.0,5.0,1.0,57.142857142857146,4.121772796869227,55.0,60.0,60.0
Banana___Ajattihalli(Uzhavar Sandhai ),2024-10-27,28.376226391304144,61.108108108108105,59.56400980302237,50.0,10.0,6.0,1.0,56.42857142857143,4.125104061291508,55.0,60.0,58.0
Banana___Ajattihalli(Uzhavar Sandhai ),2024-10-28,73.07566871690483,61.078947368421055,57.607030752084476,55.0,10.0,0.0,0.0,55.0,4.482566964743169,50.0,60.0,60.0
Banana___Ajattihalli(Uzhavar Sandhai ),2024-10-29,31.82234031661489,61.05128205128205,55.57235778228471,60.0,10.0,1.0,0.0,54.285714285714285,4.392801304031802,55.0,50.0,60.0
Banana___Ajattihalli(Uzhavar Sandhai ),2024-10-30,50.81036231477826,61.037499978539955,56.363763925934386,60.0,10.0,2.0,0.0,55.71428571428572,4.392801304031802,60.0,55.0,58.0
Banana___Ajattihalli(Uzhavar Sandhai ),2024-10-31,55.75035196213715,62.30273429735075,59.18820834966409,60.0,10.0,3.0,0.0,56.42857142857143,4.392801304031802,60.0,60.0,58.0
Banana___Ajattihalli(Uzhavar Sandhai ),2024-11-01,54.62784321985288,61.05330881469121,56.79550048038002,60.0,11.0,4.0,0.0,56.42857142857143,4.392801304031802,60.0,55.0,56.0
Banana___Ajattihalli(Uzhavar Sandhai ),2024-11-02,53.40163460272116,61.16222945587634,56.55890520727538,55.0,11.0,5.0,1.0,57.142857142857146,3.779644730092298,60.0,55.0,60.0
Banana___Ajattihalli(Uzhavar Sandhai ),2024-11-03,49.96187676366788,60.887994073796655,54.25845101189267,56.0,11.0,6.0,1.0,57.142857142857146,3.724731718342486,55.0,50.0,60.0
Banana___Ajattihalli(Uzhavar Sandhai ),2024-11-04,51.67923009630293,60.87024154640051,52.99801984246878,60.0,11.0,0.0,0.0,58.0,3.6108809920103626,56.0,55.0,60.0
Banana___Ajattihalli(Uzhavar Sandhai ),2024-11-05,61.77801543928519,60.85326086580753,55.71938643983802,60.0,11.0,1.0,0.0,58.71428571428572,3.6108809920103626,60.0,60.0,60.0
Banana___Ajattihalli(Uzhavar Sandhai ),2024-11-06,64.90052364565855,60.796577243974205,57.99238663598447,60.0,11.0,2.0,0.0,58.71428571428572,3.19081787028324,60.0,60.0,48.0
Banana___Ajattihalli(Uzhavar Sandhai ),2024-11-07,69.25618287582631,60.74225543478261,60.02531250366506,60.0,11.0,3.0,0.0,58.71428571428572,3.2037066444567683,60.0,60.0,60.0
Banana___Ajattihalli(Uzhavar Sandhai ),2024-11-08,69.09235541786764,60.65137532806386,59.45397136833229,60.0,11.0,4.0,0.0,58.71428571428572,3.2037066444567683,60.0,60.0,50.0
Banana___Ajattihalli(Uzhavar Sandhai ),2024-11-09,65.48507577190595,60.64013043691283,57.961798042437415,60.0,11.0,5.0,1.0,58.71428571428572,3.17355141307475,60.0,55.0,60.0
Banana___Ajattihalli(Uzhavar Sandhai ),2024-11-10,64.08406727356162,60.6293265150382,57.71589350763563,60.0,11.0,6.0,1.0,59.42857142857143,3.099095933396669,60.0,56.0,70.0
Banana___Ajattihalli(Uzhavar Sandhai ),2024-11-11,65.84270719567672,60.50911803764121,57.29398979612331,60.0,11.0,0.0,0.0,60.0,2.0000000000000404,60.0,60.0,60.0
Banana___Ajattihalli(Uzhavar Sandhai ),2024-11-12,67.75715778721029,60.49981132049606,58.61131199942584,60.0,11.0,1.0,0.0,60.0,1.6458405781822767,60.0,60.0,60.0
Banana___Ajattihalli(Uzhavar Sandhai ),2024-11-13,68.98400132654918,60.26036439709624,59.78582667544325,55.0,11.0,2.0,0.0,60.0,1.6458405781822767,60.0,60.0,60.0
Banana___Ajattihalli(Uzhavar Sandhai ),2024-11-14,69.71774649861187,60.25492668663127,61.16274126932887,50.0,11.0,3.0,0.0,59.285714285714285,2.0000000000000404,55.0,60.0,60.0
Banana___Ajattihalli(Uzhavar Sandhai ),2024-11-15,60.48739036880311,60.06875,60.16954511208372,50.0,11.0,4.0,0.0,57.85714285714285,3.099095933396668,50.0,60.0,60.0
Banana___Ajattihalli(Uzhavar Sandhai ),2024-11-16,60.45917245417322,60.066666667946684,60.09213087216587,50.0,11.0,5.0,1.0,56.42857142857143,3.75631336683859,50.0,60.0,60.0
Banana___Ajattihalli(Uzhavar Sandhai ),2024-11-17,59.04385829857649,60.22844827650285,60.4478273288783,50.0,11.0,6.0,1.0,55.0,4.227721179740515,50.0,60.0,48.0
Banana___Ajattihalli(Uzhavar Sandhai ),2024-11-18,57.002556336547265,60.22372881442546,59.43636967844098,50.0,11.0,0.0,0.0,53.57142857142857,4.643913658320341,50.0,60.0,60.0
Banana___Ajattihalli(Uzhavar Sandhai ),2024-11-19,58.160944258359116,60.21916666567033,60.130634927493546,55.0,11.0,1.0,0.0,52.142857142857146,4.87480627961116,50.0,60.0,60.0
Banana___Ajattihalli(Uzhavar Sandhai ),2024-11-20,55.39920908713387,60.21475409950088,58.69474483375683,50.0,11.0,2.0,0.0,51.42857142857143,4.746311465493249,55.0,55.0,60.0
Banana___Ajattihalli(Uzhavar Sandhai ),2024-11-21,44.99100238780356,60.210483869886204,56.523072818566796,50.0,11.0,3.0,0.0,50.71428571428572,4.803844614152628,50.0,50.0,50.0
Banana___Ajattihalli(Uzhavar Sandhai ),2024-11-22,38.40391601112917,60.344280242047226,53.734586889058356,50.0,11.0,4.0,0.0,50.71428571428572,4.746311465493246,50.0,50.0,55.0
Banana___Ajattihalli(Uzhavar Sandhai ),2024-11-23,34.3253722705523,60.33734375,52.21637620928886,50.0,11.0,5.0,1.0,50.71428571428572,4.569367667316889,50.0,50.0,60.0
Banana___Ajattihalli(Uzhavar Sandhai ),2024-11-24,33.04516728173809,60.135980150086006,51.186169525842,50.0,11.0,6.0,1.0,50.71428571428572,4.258153136263211,50.0,50.0,55.0
Banana___Ajattihalli(Uzhavar Sandhai ),2024-11-25,30.23852246890086,60.13290719611175,50.095635206507744,50.0,11.0,0.0,0.0,50.71428571428572,3.779644730092282,50.0,50.0,55.0
Banana___Ajattihalli(Uzhavar Sandhai ),2024-11-26,38.77215406199326,58.6167355439953,52.457678973467445,50.0,11.0,1.0,0.0,50.71428571428572,3.0562492275106434,50.0,55.0,50.0
Banana___Ajattihalli(Uzhavar Sandhai ),2024-11-27,41.26584067736273,58.722486014491416,50.46218989677523,50.0,11.0,2.0,0.0,50.0,1.8156825980064235,50.0,50.0,55.0
Banana___Ajattihalli(Uzhavar Sandhai ),2024-11-28,40.19003219628408,59.66888362801598,50.295085777333135,50.0,11.0,3.0,0.0,50.0,1.3363062095621423,50.0,50.0,60.0
Banana___Ajattihalli(Uzhavar Sandhai ),2024-11-29,42.224047616968136,59.49390532532758,49.30403361923499,50.0,11.0,4.0,0.0,50.0,1.3363062095621423,50.0,50.0,60.0
Banana___Ajattihalli(Uzhavar Sandhai ),2024-12-02,43.228404569625525,59.60732476665777,48.52224921187859,50.0,12.0,0.0,0.0,50.0,1.3363062095621423,50.0,50.0,60.0
Banana___Ajattihalli(Uzhavar Sandhai ),2024-12-03,49.061176535836395,59.36472220728367,49.73788634045531,50.0,12.0,1.0,0.0,50.0,1.3363062095621423,50.0,50.0,60.0
Banana___Ajattihalli(Uzhavar Sandhai ),2024-12-04,56.402862296192914,57.40703893673857,48.75607929565555,50.0,12.0,2.0,0.0,50.0,1.3363062095621423,50.0,50.0,55.0
Banana___Ajattihalli(Uzhavar Sandhai ),2024-12-05,68.56276401652877,56.771086684959535,48.99535130039024,50.0,12.0,3.0,0.0,50.0,1.3363062095621423,50.0,50.0,56.0
Banana___Ajattihalli(Uzhavar Sandhai ),2024-12-06,64.86774055565587,56.74941064476472,48.34108670476141,50.0,12.0,4.0,0.0,50.0,0.0,50.0,50.0,60.0
Banana___Ajattihalli(Uzhavar Sandhai ),2024-12-07,62.69263854526398,59.19180803813174,48.04880381843601,50.0,12.0,5.0,1.0,50.0,0.0,50.0,50.0,60.0
Banana___Ajattihalli(Uzhavar Sandhai ),2024-12-08,69.24504321652155,58.45704719544563,48.34487129854979,50.0,12.0,6.0,1.0,50.0,0.0,50.0,50.0,60.0
Banana___Ajattihalli(Uzhavar Sandhai ),2024-12-09,62.870457472527065,57.0865594935679,48.66756913084131,50.0,12.0,0.0,0.0,50.0,0.0,50.0,50.0,60.0
Banana___Ajattihalli(Uzhavar Sandhai ),2024-12-10,62.51487903479395,57.11482787744416,48.8128333435403,50.0,12.0,1.0,0.0,50.0,0.0,50.0,50.0,60.0
Banana___Ajattihalli(Uzhavar Sandhai ),2024-12-11,62.29991133258922,57.50128200380532,48.6066633056948,45.0,12.0,2.0,0.0,50.0,0.0,50.0,50.0,60.0
Banana___Ajattihalli(Uzhavar Sandhai ),2024-12-12,61.329823775396385,58.394089212948465,49.328022370510354,50.0,12.0,3.0,0.0,49.285714285714285,1.3363062095621423,45.0,50.0,60.0
Banana___Ajattihalli(Uzhavar Sandhai ),2024-12-13,51.93264281751538,58.26374057333143,48.82482332281274,48.0,12.0,4.0,0.0,49.285714285714285,1.3363062095621423,50.0,50.0,60.0
Banana___Ajattihalli(Uzhavar Sandhai ),2024-12-14,58.48941122170163,57.82111718445694,49.20969994446245,50.0,12.0,5.0,1.0,49.0,1.4005493427717988,48.0,50.0,60.0
Banana___Ajattihalli(Uzhavar Sandhai ),2024-12-15,44.691667223023856,58.45552663237087,48.79659007389909,50.0,12.0,6.0,1.0,49.0,1.4005493427717988,50.0,50.0,55.0
Banana___Ajattihalli(Uzhavar Sandhai ),2024-12-16,43.976767839955485,56.63341733110988,48.85267954032093,40.0,12.0,0.0,0.0,49.0,1.4005493427717988,50.0,50.0,50.0
Banana___Ajattihalli(Uzhavar Sandhai ),2024-12-17,43.92147650299222,56.95419127058294,48.998101027353854,40.0,12.0,1.0,0.0,47.57142857142857,2.8870685539427186,40.0,50.0,50.0
Banana___Ajattihalli(Uzhavar Sandhai ),2024-12-18,35.31458854436197,54.67989422686444,46.528927944121065,45.0,12.0,2.0,0.0,46.142857142857146,3.689158455513965,40.0,45.0,50.0
Banana___Ajattihalli(Uzhavar Sandhai ),2024-12-19,37.427743212449975,57.11327689207098,48.50736837043182,45.0,12.0,3.0,0.0,46.142857142857146,3.729891139442007,45.0,50.0,50.0
Banana___Ajattihalli(Uzhavar Sandhai ),2024-12-20,33.50706037728406,57.49254611233015,47.46452630584928,45.0,12.0,4.0,0.0,45.42857142857143,3.733572075045629,45.0,48.0,50.0
Banana___Ajattihalli(Uzhavar Sandhai ),2024-12-21,36.00320437091248,56.51530823553833,48.56839029707784,45.0,12.0,5.0,1.0,45.0,3.7003118371709935,45.0,50.0,55.0
Banana___Ajattihalli(Uzhavar Sandhai ),2024-12-22,37.10512668780734,57.40843623490194,48.41994541600542,45.0,12.0,6.0,1.0,44.285714285714285,3.629094883070676,45.0,50.0,50.0
Banana___Ajattihalli(Uzhavar Sandhai ),2024-12-23,27.249143774833573,56.29970445291097,44.00598290074649,40.0,12.0,0.0,0.0,43.57142857142857,3.5176165756981628,45.0,40.0,50.0
Banana___Ajattihalli(Uzhavar Sandhai ),2024-12-24,25.339454764335155,56.28736088243784,42.30031561897508,40.0,12.0,1.0,0.0,43.57142857142857,3.715130926656273,40.0,40.0,50.0
Banana___Ajattihalli(Uzhavar Sandhai ),2024-12-25,27.541342437137008,57.043838945296145,42.828226430291224,46.0,12.0,2.0,0.0,43.57142857142857,3.759237706220268,40.0,45.0,50.0
Banana___Ajattihalli(Uzhavar Sandhai ),2024-12-26,29.89590469122426,56.70793536840105,43.89409233997746,45.0,12.0,3.0,0.0,43.71428571428572,3.7716408531665375,46.0,45.0,50.0
Banana___Ajattihalli(Uzhavar Sandhai ),2024-12-27,31.75907557009435,53.90158734774145,43.339476240751324,45.0,12.0,4.0,0.0,43.71428571428572,3.47992673915561,45.0,45.0,50.0
Banana___Ajattihalli(Uzhavar Sandhai ),2024-12-28,32.445157091049396,53.79117824799674,43.80870661980525,40.0,12.0,5.0,1.0,43.71428571428572,3.342204313073896,45.0,45.0,50.0
Banana___Ajattihalli(Uzhavar Sandhai ),2024-12-29,41.202619501757226,53.40041406441555,43.46909209665055,45.0,12.0,6.0,1.0,43.0,3.103525113780813,40.0,45.0,50.0
Banana___Ajattihalli(Uzhavar Sandhai ),2024-12-30,39.74212279882794,54.02781565179228,40.234975352740975,40.0,12.0,0.0,0.0,43.0,2.554891881757935,45.0,40.0,50.0
Banana___Ajattihalli(Uzhavar Sandhai ),2024-12-31,44.549916220448324,53.99745425646716,39.64166302453751,40.0,12.0,1.0,0.0,43.0,2.554891881757935,40.0,40.0,50.0
Banana___Ajattihalli(Uzhavar Sandhai ),2025-01-01,53.37012687175495,56.1281938923377,41.96458811128741,45.0,1.0,2.0,0.0,43.0,2.554891881757935,40.0,46.0,50.0
Banana___Ajattihalli(Uzhavar Sandhai ),2025-01-02,56.47771372600433,61.28804649433767,42.99989773166378,45.0,1.0,3.0,0.0,42.85714285714285,2.554891881757935,45.0,45.0,50.0
Banana___Ajattihalli(Uzhavar Sandhai ),2025-01-03,61.435234687699705,58.11607291840329,42.753136870151266,45.0,1.0,4.0,0.0,42.85714285714285,2.554891881757935,45.0,45.0,50.0
Banana___Ajattihalli(Uzhavar Sandhai ),2025-01-04,57.856049325181374,61.24427745297237,40.94721334182641,45.0,1.0,5.0,1.0,42.85714285714285,2.554891881757935,45.0,40.0,50.0
Banana___Ajattihalli(Uzhavar Sandhai ),2025-01-05,60.09090619386038,55.3811363698667,42.289650066947836,45.0,1.0,6.0,1.0,43.57142857142857,2.554891881757935,45.0,45.0,50.0
Banana___Ajattihalli(Uzhavar Sandhai ),2025-01-06,54.092221714370574,54.883406417604455,39.066889393124924,40.0,1.0,0.0,0.0,43.57142857142857,2.554891881757935,45.0,40.0,50.0
Banana___Ajattihalli(Uzhavar Sandhai ),2025-01-07,54.54131521769004,54.23113644786124,38.87165802152194,40.0,1.0,1.0,0.0,43.57142857142857,2.554891881757935,40.0,40.0,50.0
Banana___Ajattihalli(Uzhavar Sandhai ),2025-01-08,58.420504656273216,59.62419816882086,41.62936537788545,40.0,1.0,2.0,0.0,43.57142857142857,2.554891881757935,40.0,45.0,50.0
Banana___Ajattihalli(Uzhavar Sandhai ),2025-01-09,60.194514304230346,60.362534993886804,42.732039183127355,40.0,1.0,3.0,0.0,42.85714285714285,2.5677629550654903,40.0,45.0,50.0
Banana___Ajattihalli(Uzhavar Sandhai ),2025-01-10,57.87956982880152,55.27953346580349,42.65465013764512,46.0,1.0,4.0,0.0,42.142857142857146,2.594372608313865,40.0,45.0,45.0
Banana___Ajattihalli(Uzhavar Sandhai ),2025-01-11,57.96257363213765,60.370008071919784,42.787532984037455,40.0,1.0,5.0,1.0,42.285714285714285,2.68082322931096,46.0,45.0,50.0
Banana___Ajattihalli(Uzhavar Sandhai ),2025-01-12,57.78481910217271,52.5880906226251,43.415378118537035,45.0,1.0,6.0,1.0,41.57142857142857,2.68082322931096,40.0,45.0,48.0
Banana___Ajattihalli(Uzhavar Sandhai ),2025-01-13,50.52013009279694,54.39556742576995,39.66793613593235,60.0,1.0,0.0,0.0,41.57142857142857,2.68082322931096,45.0,40.0,50.0
Banana___Ajattihalli(Uzhavar Sandhai ),2025-01-14,34.07691883232639,53.1060669967016,39.38663562494005,60.0,1.0,1.0,0.0,44.42857142857143,5.27694550342847,60.0,40.0,50.0
Banana___Ajattihalli(Uzhavar Sandhai ),2025-01-15,23.450687541707836,51.36169750301209,40.12604659313448,60.0,1.0,2.0,0.0,47.285714285714285,6.641527693979018,60.0,40.0,40.0
Banana___Ajattihalli(Uzhavar Sandhai ),2025-01-16,23.262576997133863,51.4827562082788,40.07655272975751,60.0,1.0,3.0,0.0,50.142857142857146,7.693653728386005,60.0,40.0,40.0
Banana___Ajattihalli(Uzhavar Sandhai ),2025-01-17,31.711484476349906,50.73710686176804,42.11879341557959,55.0,1.0,4.0,0.0,53.0,8.47361775171609,60.0,46.0,45.0
Banana___Ajattihalli(Uzhavar Sandhai ),2025-01-18,28.617921080096288,51.36432981331018,39.91593748938581,55.0,1.0,5.0,1.0,54.285714285714285,8.659619563757477,55.0,40.0,45.0
Banana___Ajattihalli(Uzhavar Sandhai ),2025-01-19,30.207267351530586,51.41644205888917,42.127990634641705,55.0,1.0,6.0,1.0,56.42857142857143,8.779346392353098,55.0,45.0,45.0
Banana___Ajattihalli(Uzhavar Sandhai ),2025-01-20,47.26641939506145,53.496190168263084,47.84901375454804,60.0,1.0,0.0,0.0,57.85714285714285,8.835492859254337,55.0,60.0,45.0
Banana___Ajattihalli(Uzhavar Sandhai ),2025-01-21,62.14371284637915,58.955974839983945,51.861492266569584,60.0,1.0,1.0,0.0,57.85714285714285,8.760550938568482,60.0,60.0,45.0
Banana___Ajattihalli(Uzhavar Sandhai ),2025-01-22,69.58561830845535,60.632346923099504,55.72372658578112,55.0,1.0,2.0,0.0,57.85714285714285,8.428105779649865,60.0,60.0,40.0
Banana___Ajattihalli(Uzhavar Sandhai ),2025-01-23,70.32623763999737,63.192286225756995,58.24622592841047,55.0,1.0,3.0,0.0,57.142857142857146,7.621903082131592,55.0,60.0,40.0
Banana___Ajattihalli(Uzhavar Sandhai ),2025-01-24,78.82166189855033,60.57021584878827,56.494700404837225,60.0,1.0,4.0,0.0,56.42857142857143,6.533094112388033,55.0,55.0,46.0
Banana___Ajattihalli(Uzhavar Sandhai ),2025-01-25,61.67034268933349,61.40301222755226,55.85045955185895,60.0,1.0,5.0,1.0,57.142857142857146,6.157279262148864,60.0,55.0,45.0
Banana___Ajattihalli(Uzhavar Sandhai ),2025-01-26,58.370902710974434,62.24847564570143,56.18355946572873,60.0,1.0,6.0,1.0,57.85714285714285,4.258153136263272,60.0,55.0,45.0
Banana___Ajattihalli(Uzhavar Sandhai ),2025-01-27,58.97312914492657,59.74989414304261,58.59106318770194,60.0,1.0,0.0,0.0,58.57142857142857,2.486225790494368,60.0,60.0,40.0
Banana___Ajattihalli(Uzhavar Sandhai ),2025-01-28,59.444480487263384,60.231718731730425,59.48811492831826,60.0,1.0,1.0,0.0,58.57142857142857,2.486225790494368,60.0,60.0,45.0
Banana___Ajattihalli(Uzhavar Sandhai ),2025-01-29,54.86353859188117,59.09499275004964,57.63340469867543,60.0,1.0,2.0,0.0,58.57142857142857,2.486225790494368,60.0,55.0,40.0
Banana___Ajattihalli(Uzhavar Sandhai ),2025-01-30,52.01100846370742,58.14266634843746,57.29636714864695,60.0,1.0,3.0,0.0,59.285714285714285,2.486225790494368,60.0,55.0,40.0
Banana___Ajattihalli(Uzhavar Sandhai ),2025-01-31,52.16489333344438,60.05232763598529,59.16242462941929,60.0,1.0,4.0,0.0,60.0,2.486225790494368,60.0,60.0,45.0
Banana___Ajattihalli(Uzhavar Sandhai ),2025-02-01,52.339617757410196,60.84368787750031,59.40360135329285,60.0,2.0,5.0,1.0,60.0,2.344036154692622,60.0,60.0,45.0
Banana___Ajattihalli(Uzhavar Sandhai ),2025-02-02,51.08651912332742,60.36439349859209,60.21486917633652,60.0,2.0,6.0,1.0,60.0,2.1290765681317643,60.0,60.0,45.0
Banana___Ajattihalli(Uzhavar Sandhai ),2025-02-03,50.45813705558672,59.13473279991015,60.58614709287226,60.0,2.0,0.0,0.0,60.0,1.815682598006605,60.0,60.0,45.0
Banana___Ajattihalli(Uzhavar Sandhai ),2025-02-04,55.219109368389226,58.03493173143211,60.76212036123763,60.0,2.0,1.0,0.0,60.0,1.815682598006605,60.0,60.0,45.0
Banana___Ajattihalli(Uzhavar Sandhai ),2025-02-05,60.55941861927372,59.60075079398212,60.796652086047416,60.0,2.0,2.0,0.0,60.0,1.815682598006605,60.0,60.0,40.0
Banana___Ajattihalli(Uzhavar Sandhai ),2025-02-06,59.738128470151175,59.6277582009824,61.14609022281957,60.0,2.0,3.0,0.0,60.0,1.3363062095623968,60.0,60.0,40.0
Banana___Ajattihalli(Uzhavar Sandhai ),2025-02-07,60.83259886657778,59.97666477331346,61.280206285333314,60.0,2.0,4.0,0.0,60.0,0.0,60.0,60.0,40.0
Banana___Ajattihalli(Uzhavar Sandhai ),2025-02-08,62.674010247923626,59.77703444259184,60.92113532623347,60.0,2.0,5.0,1.0,60.0,0.0,60.0,60.0,40.0
Banana___Ajattihalli(Uzhavar Sandhai ),2025-02-09,63.849342754003025,59.8561278839924,61.18939001009738,60.0,2.0,6.0,1.0,60.0,0.0,60.0,60.0,46.0
Banana___Ajattihalli(Uzhavar Sandhai ),2025-02-10,64.78864386863604,58.56098445169299,61.185414439302455,60.0,2.0,0.0,0.0,60.0,0.0,60.0,60.0,40.0
Banana___Ajattihalli(Uzhavar Sandhai ),2025-02-11,66.36622550727924,58.49986706867729,61.13741984598503,60.0,2.0,1.0,0.0,60.0,0.0,60.0,60.0,45.0
Banana___Ajattihalli(Uzhavar Sandhai ),2025-02-12,67.35587602645943,58.622496982030256,60.99585643284633,60.0,2.0,2.0,0.0,60.0,0.0,60.0,60.0,60.0
Banana___Ajattihalli(Uzhavar Sandhai ),2025-02-13,67.83789570647652,58.74052928482858,61.21638139035289,60.0,2.0,3.0,0.0,60.0,0.0,60.0,60.0,60.0
Banana___Ajattihalli(Uzhavar Sandhai ),2025-02-14,68.73345673238146,58.42553948175491,61.269323084183846,60.0,2.0,4.0,0.0,60.0,0.0,60.0,60.0,60.0
Banana___Ajattihalli(Uzhavar Sandhai ),2025-02-15,68.59144221902662,58.36477756016655,60.92020276443733,60.0,2.0,5.0,1.0,60.0,0.0,60.0,60.0,60.0
Banana___Ajattihalli(Uzhavar Sandhai ),2025-02-16,68.44484453989412,58.69243713266389,61.10717550996045,60.0,2.0,6.0,1.0,60.0,0.0,60.0,60.0,55.0
Banana___Ajattihalli(Uzhavar Sandhai ),2025-02-17,67.4294887160486,58.00302429435915,61.068017295616755,60.0,2.0,0.0,0.0,60.0,0.0,60.0,60.0,55.0
Banana___Ajattihalli(Uzhavar Sandhai ),2025-02-18,68.47263528341415,56.0422209522452,61.02016999801119,60.0,2.0,1.0,0.0,60.0,0.0,60.0,60.0,55.0
Banana___Ajattihalli(Uzhavar Sandhai ),2025-02-19,69.5000148290421,58.55590095565614,60.870073572281456,60.0,2.0,2.0,0.0,60.0,0.0,60.0,60.0,60.0
Banana___Ajattihalli(Uzhavar Sandhai ),2025-02-20,61.51443989425138,59.217762825397536,61.07220680779342,60.0,2.0,3.0,0.0,60.0,0.0,60.0,60.0,60.0
Banana___Ajattihalli(Uzhavar Sandhai ),2025-02-21,55.561716175165955,59.52272292408871,61.12023642643031,60.0,2.0,4.0,0.0,60.0,0.0,60.0,60.0,55.0
Banana___Ajattihalli(Uzhavar Sandhai ),2025-02-22,55.603878068091014,59.63703336829543,60.819076901444824,55.0,2.0,5.0,1.0,60.0,0.0,60.0,60.0,55.0
Banana___Ajattihalli(Uzhavar Sandhai ),2025-02-23,55.527734441532814,58.96789802548092,60.972173738257034,60.0,2.0,6.0,1.0,59.285714285714285,1.3363062095623968,55.0,60.0,60.0
Banana___Ajattihalli(Uzhavar Sandhai ),2025-02-24,51.589327044680715,58.588345390735334,60.927720120742514,60.0,2.0,0.0,0.0,59.285714285714285,1.3363062095623968,60.0,60.0,60.0
Banana___Ajattihalli(Uzhavar Sandhai ),2025-02-25,53.354171558498315,58.69917680817496,60.893225683902,60.0,2.0,1.0,0.0,59.285714285714285,1.3363062095623968,60.0,60.0,60.0
Banana___Ajattihalli(Uzhavar Sandhai ),2025-02-26,51.868396021708804,58.60624668463183,60.74808005751176,60.0,2.0,2.0,0.0,59.285714285714285,1.3363062095623968,60.0,60.0,60.0
Banana___Ajattihalli(Uzhavar Sandhai ),2025-02-27,53.918728655675594,58.994002644045004,60.93973992183582,60.0,2.0,3.0,0.0,59.285714285714285,1.3363062095623968,60.0,60.0,60.0
Banana___Ajattihalli(Uzhavar Sandhai ),2025-02-28,51.619897629586475,59.71509794845215,60.98794962022863,60.0,2.0,4.0,0.0,59.285714285714285,1.3363062095623968,60.0,60.0,60.0
Banana___Ajattihalli(Uzhavar Sandhai ),2025-03-01,45.20160093440163,58.886648045532034,58.24251202214441,60.0,3.0,5.0,1.0,59.285714285714285,1.3363062095623968,60.0,55.0,60.0
Banana___Ajattihalli(Uzhavar Sandhai ),2025-03-02,48.375617896611885,59.70819590853562,59.96547819844663,50.0,3.0,6.0,1.0,60.0,1.3363062095623968,60.0,60.0,60.0
Banana___Ajattihalli(Uzhavar Sandhai ),2025-03-03,47.951437147292395,59.07031182748473,60.21239556725961,60.0,3.0,0.0,0.0,58.57142857142857,2.8946711176093207,50.0,60.0,60.0
Banana___Ajattihalli(Uzhavar Sandhai ),2025-03-04,48.881287140814486,59.1398723847133,60.365060299675655,60.0,3.0,1.0,0.0,58.57142857142857,2.8946711176093207,60.0,60.0,60.0
Banana___Ajattihalli(Uzhavar Sandhai ),2025-03-05,49.97809850638643,58.96344935607484,60.384330641549916,60.0,3.0,2.0,0.0,58.57142857142857,2.8946711176093207,60.0,60.0,60.0
Banana___Ajattihalli(Uzhavar Sandhai ),2025-03-06,50.07465190190049,59.479462750361236,60.63778676000326,60.0,3.0,3.0,0.0,58.57142857142857,2.8946711176093207,60.0,60.0,60.0
Banana___Ajattihalli(Uzhavar Sandhai ),2025-03-07,59.97704830158941,59.690832839234965,60.74149137966485,55.0,3.0,4.0,0.0,58.57142857142857,2.8946711176093207,60.0,60.0,60.0
Banana___Ajattihalli(Uzhavar Sandhai ),2025-03-08,50.980966153374226,60.024033511355896,60.27267577799802,60.0,3.0,5.0,1.0,57.85714285714285,3.056249227510748,55.0,60.0,60.0
Banana___Ajattihalli(Uzhavar Sandhai ),2025-03-09,44.6948281104657,59.56533579031034,55.884945536876074,60.0,3.0,6.0,1.0,57.85714285714285,2.894671117609321,60.0,50.0,60.0
Banana___Ajattihalli(Uzhavar Sandhai ),2025-03-10,47.50610992314748,59.946572260907544,58.90419149817984,60.0,3.0,0.0,0.0,59.285714285714285,2.894671117609321,60.0,60.0,60.0
Banana___Ajattihalli(Uzhavar Sandhai ),2025-03-11,63.58125683765707,59.90461725772776,59.43339492491584,60.0,3.0,1.0,0.0,59.285714285714285,2.894671117609321,60.0,60.0,60.0
Banana___Ajattihalli(Uzhavar Sandhai ),2025-03-12,69.283283984571,59.59356033617993,59.714943808920886,60.0,3.0,2.0,0.0,59.285714285714285,2.894671117609321,60.0,60.0,60.0
Banana___Ajattihalli(Uzhavar Sandhai ),2025-03-13,69.23690706804666,60.274433788272646,60.13157801361694,60.0,3.0,3.0,0.0,59.285714285714285,2.894671117609321,60.0,60.0,60.0
Banana___Ajattihalli(Uzhavar Sandhai ),2025-03-14,66.32443820008528,59.3173959670876,57.92152722519727,60.0,3.0,4.0,0.0,59.285714285714285,2.894671117609321,60.0,55.0,60.0
Banana___Ajattihalli(Uzhavar Sandhai ),2025-03-15,67.96071186513223,59.69384899533976,59.097267946388655,60.0,3.0,5.0,1.0,60.0,2.894671117609321,60.0,60.0,60.0
Banana___Ajattihalli(Uzhavar Sandhai ),2025-03-17,71.71337063123215,59.51393274338681,60.34226664654474,60.0,3.0,0.0,0.0,60.0,2.894671117609321,60.0,60.0,60.0
Banana___Ajattihalli(Uzhavar Sandhai ),2025-03-18,75.47174593484046,59.19296032182775,60.33708683976081,60.0,3.0,1.0,0.0,60.0,1.336306209562402,60.0,60.0,60.0
Banana___Ajattihalli(Uzhavar Sandhai ),2025-03-19,79.03171162876855,59.167259989375104,60.24286409810135,60.0,3.0,2.0,0.0,60.0,1.336306209562402,60.0,60.0,60.0
Banana___Ajattihalli(Uzhavar Sandhai ),2025-03-20,76.52815211535906,59.13725312066767,60.637161375677266,60.0,3.0,3.0,0.0,60.0,1.336306209562402,60.0,60.0,60.0
Banana___Ajattihalli(Uzhavar Sandhai ),2025-03-21,74.73361679207417,59.65808861705198,60.24232987682629,60.0,3.0,4.0,0.0,60.0,1.336306209562402,60.0,60.0,60.0
Banana___Ajattihalli(Uzhavar Sandhai ),2025-03-22,73.99068412552954,59.540600787820054,60.24593315008315,60.0,3.0,5.0,1.0,60.0,1.336306209562402,60.0,60.0,60.0
Banana___Ajattihalli(Uzhavar Sandhai ),2025-03-23,74.52917182489907,59.40742537038457,60.04396102747702,60.0,3.0,6.0,1.0,60.0,0.0,60.0,60.0,60.0
Banana___Ajattihalli(Uzhavar Sandhai ),2025-03-24,72.23021294742628,59.382415415132314,60.24168195681665,60.0,3.0,0.0,0.0,60.0,0.0,60.0,60.0,60.0
Banana___Ajattihalli(Uzhavar Sandhai ),2025-03-25,70.77296111535627,59.110544423049106,60.81037366163544,60.0,3.0,1.0,0.0,60.0,0.0,60.0,60.0,55.0
Banana___Ajattihalli(Uzhavar Sandhai ),2025-03-26,70.46612586234956,59.129491240658,60.73043478112477,60.0,3.0,2.0,0.0,60.0,0.0,60.0,60.0,60.0
Banana___Ajattihalli(Uzhavar Sandhai ),2025-03-27,55.34098626293907,59.75524678439865,60.56742967560465,60.0,3.0,3.0,0.0,60.0,0.0,60.0,60.0,60.0
Banana___Ajattihalli(Uzhavar Sandhai ),2025-03-28,48.60298866389149,59.64973287626324,60.67928559659177,60.0,3.0,4.0,0.0,60.0,0.0,60.0,60.0,60.0
Banana___Ajattihalli(Uzhavar Sandhai ),2025-03-29,55.89060341897621,59.43202420191797,60.46499862794697,60.0,3.0,5.0,1.0,60.0,0.0,60.0,60.0,60.0
Banana___Ajattihalli(Uzhavar Sandhai ),2025-03-30,45.469012958228824,59.433017998096055,60.41208113146976,60.0,3.0,6.0,1.0,60.0,0.0,60.0,60.0,60.0
Banana___Ajattihalli(Uzhavar Sandhai ),2025-03-31,49.17629380601953,59.09346034850975,60.288589666900016,60.0,3.0,0.0,0.0,60.0,0.0,60.0,60.0,60.0
Banana___Ajattihalli(Uzhavar Sandhai ),2025-04-01,46.46079860951185,59.47475968627806,60.765391183936366,60.0,4.0,1.0,0.0,60.0,0.0,60.0,60.0,60.0
Banana___Ajattihalli(Uzhavar Sandhai ),2025-04-02,47.96647613990196,59.48452048053995,60.686409998541116,60.0,4.0,2.0,0.0,60.0,0.0,60.0,60.0,50.0
Banana___Ajattihalli(Uzhavar Sandhai ),2025-04-03,45.98935693738675,60.11889838279249,60.52131563457101,60.0,4.0,3.0,0.0,60.0,0.0,60.0,60.0,60.0
Banana___Ajattihalli(Uzhavar Sandhai ),2025-04-04,47.64602597041626,60.05787315747065,60.62487878702053,60.0,4.0,4.0,0.0,60.0,0.0,60.0,60.0,60.0
Banana___Ajattihalli(Uzhavar Sandhai ),2025-04-05,44.17540931167807,59.593599587123464,60.435442511311955,60.0,4.0,5.0,1.0,60.0,0.0,60.0,60.0,60.0
Banana___Ajattihalli(Uzhavar Sandhai ),2025-04-06,45.63573327044142,59.534453569365226,60.38505732467143,60.0,4.0,6.0,1.0,60.0,0.0,60.0,60.0,60.0
Banana___Ajattihalli(Uzhavar Sandhai ),2025-04-07,47.71294291205349,59.043052555354485,60.269655833906505,60.0,4.0,0.0,0.0,60.0,0.0,60.0,60.0,55.0
Banana___Ajattihalli(Uzhavar Sandhai ),2025-04-08,48.85617059591995,58.85524811331202,60.687712910366336,60.0,4.0,1.0,0.0,60.0,0.0,60.0,60.0,60.0
Banana___Ajattihalli(Uzhavar Sandhai ),2025-04-09,48.503402958531396,59.06324042329654,60.620786251451406,60.0,4.0,2.0,0.0,60.0,0.0,60.0,60.0,60.0
Banana___Ajattihalli(Uzhavar Sandhai ),2025-04-10,50.10182488562185,59.701815539263215,60.463442925698615,60.0,4.0,3.0,0.0,60.0,0.0,60.0,60.0,60.0
Banana___Ajattihalli(Uzhavar Sandhai ),2025-04-11,50.65378574622785,59.61973351973888,60.564506799602675,60.0,4.0,4.0,0.0,60.0,0.0,60.0,60.0,60.0
Banana___Ajattihalli(Uzhavar Sandhai ),2025-04-12,69.58806466879305,59.472977351634135,60.399442790836204,60.0,4.0,5.0,1.0,60.0,0.0,60.0,60.0,60.0
Banana___Ajattihalli(Uzhavar Sandhai ),2025-04-13,66.30149540298454,59.476038682912254,60.354438050944495,60.0,4.0,6.0,1.0,60.0,0.0,60.0,60.0,60.0
Banana___Ajattihalli(Uzhavar Sandhai ),2025-04-14,68.98019860400672,59.012052119330704,60.24806066817841,60.0,4.0,0.0,0.0,60.0,0.0,60.0,60.0,60.0
Banana___Ajattihalli(Uzhavar Sandhai ),2025-04-15,63.11646150914121,59.01868540239256,60.61846154251085,60.0,4.0,1.0,0.0,60.0,0.0,60.0,60.0,60.0
Banana___Ajattihalli(Uzhavar Sandhai ),2025-04-16,67.73339268683979,59.661819803232966,60.56223823680536,60.0,4.0,2.0,0.0,60.0,0.0,60.0,60.0,60.0
Banana___Ajattihalli(Uzhavar Sandhai ),2025-04-17,73.93498296611921,59.71868268689292,60.412935645810705,60.0,4.0,3.0,0.0,60.0,0.0,60.0,60.0,60.0
Banana___Ajattihalli(Uzhavar Sandhai ),2025-04-18,73.35942500468902,59.44789127522767,60.51133669294577,38.0,4.0,4.0,0.0,60.0,0.0,60.0,60.0,60.0
Banana___Ajattihalli(Uzhavar Sandhai ),2025-04-19,75.57173242729637,59.51549391605922,60.366992892724966,40.0,4.0,5.0,1.0,56.85714285714285,5.8797473220733965,38.0,60.0,60.0
Banana___Ajattihalli(Uzhavar Sandhai ),2025-04-20,76.29554487651023,59.3256441783868,60.32686494259844,60.0,4.0,6.0,1.0,54.0,7.635947374602116,40.0,60.0,60.0
Banana___Ajattihalli(Uzhavar Sandhai ),2025-04-21,72.38697771786224,58.80863937156674,60.228565757757295,60.0,4.0,0.0,0.0,54.0,7.635947374602116,60.0,60.0,60.0
Banana___Ajattihalli(Uzhavar Sandhai ),2025-04-22,74.65866438516905,59.11414001526391,60.558727811802505,60.0,4.0,1.0,0.0,54.0,7.635947374602116,60.0,60.0,60.0
Banana___Ajattihalli(Uzhavar Sandhai ),2025-04-23,71.99976230856154,59.36123577304705,60.51138328690513,60.0,4.0,2.0,0.0,54.0,7.635947374602116,60.0,60.0,60.0
Banana___Ajattihalli(Uzhavar Sandhai ),2025-04-24,72.19373522462294,59.2730060059756,60.369685195660445,60.0,4.0,3.0,0.0,54.0,7.635947374602116,60.0,60.0,60.0
Banana___Ajattihalli(Uzhavar Sandhai ),2025-04-25,49.88037650141763,60.45160002008855,49.94071799512313,60.0,4.0,4.0,0.0,54.0,7.635947374602116,60.0,38.0,60.0
Banana___Ajattihalli(Uzhavar Sandhai ),2025-04-26,42.09971639055794,55.120511864563305,46.33692930233407,40.0,4.0,5.0,1.0,57.142857142857146,7.635947374602116,60.0,40.0,60.0
Banana___Ajattihalli(Uzhavar Sandhai ),2025-04-27,49.957375597288056,59.94391319729816,54.129075141975946,45.0,4.0,6.0,1.0,57.142857142857146,8.811830209913955,40.0,60.0,60.0
Banana___Ajattihalli(Uzhavar Sandhai ),2025-04-28,54.73269346362175,59.66270740355106,55.74208594945294,60.0,4.0,0.0,0.0,55.0,9.137833441248562,45.0,60.0,60.0
Banana___Ajattihalli(Uzhavar Sandhai ),2025-04-29,62.27992107311539,60.251697104982135,57.18079357840609,60.0,4.0,1.0,0.0,55.0,9.137833441248562,60.0,60.0,60.0
Banana___Ajattihalli(Uzhavar Sandhai ),2025-04-30,66.52751900700756,59.86438590733584,57.94119047590314,60.0,4.0,2.0,0.0,55.0,9.137833441248562,60.0,60.0,60.0
Banana___Ajattihalli(Uzhavar Sandhai ),2025-05-01,68.06719397865545,59.851956597842275,58.461005224801916,60.0,5.0,3.0,0.0,55.0,9.137833441248562,60.0,60.0,60.0
Banana___Ajattihalli(Uzhavar Sandhai ),2025-05-02,67.82986122162086,59.784952173228795,57.86913503435573,60.0,5.0,4.0,0.0,55.0,9.137833441248562,60.0,60.0,60.0
Banana___Ajattihalli(Uzhavar Sandhai ),2025-05-03,55.28454717854668,57.90392603383642,49.09238298589231,60.0,5.0,5.0,1.0,55.0,7.888299862788896,60.0,40.0,60.0
Banana___Ajattihalli(Uzhavar Sandhai ),2025-05-04,51.7005418543997,57.920350823600685,50.20901902338166,60.0,5.0,6.0,1.0,57.85714285714285,6.4300974989617785,60.0,45.0,60.0
Banana___Ajattihalli(Uzhavar Sandhai ),2025-05-05,39.126097997797935,58.480270103102875,55.28406761191408,60.0,5.0,0.0,0.0,60.0,6.4300974989617785,60.0,60.0,60.0
Banana___Ajattihalli(Uzhavar Sandhai ),2025-05-06,62.2924110783928,58.48874705449068,56.71373443740532,60.0,5.0,1.0,0.0,60.0,6.4300974989617785,60.0,60.0,60.0
Banana___Ajattihalli(Uzhavar Sandhai ),2025-05-07,56.25226404440389,58.49589236836156,57.485919606517285,60.0,5.0,2.0,0.0,60.0,6.4300974989617785,60.0,60.0,60.0
Banana___Ajattihalli(Uzhavar Sandhai ),2025-05-08,66.64681418244322,58.51677015363732,58.07384915812637,45.0,5.0,3.0,0.0,60.0,6.4300974989617785,60.0,60.0,60.0
Banana___Ajattihalli(Uzhavar Sandhai ),2025-05-09,66.52364590765175,58.448994147932474,57.33202463577451,40.0,5.0,4.0,0.0,57.85714285714285,7.18667876340332,45.0,60.0,60.0
Banana___Ajattihalli(Uzhavar Sandhai ),2025-05-11,68.16061441385543,58.45570845801696,58.99341418862761,60.0,5.0,6.0,1.0,55.0,8.32050294337847,40.0,60.0,60.0
Banana___Ajattihalli(Uzhavar Sandhai ),2025-05-12,66.86474930236349,58.49502369959122,60.382927875860354,55.0,5.0,0.0,0.0,55.0,7.18667876340332,60.0,60.0,60.0
Banana___Ajattihalli(Uzhavar Sandhai ),2025-05-13,67.32079388590772,58.52642326013071,60.60475404941488,55.0,5.0,1.0,0.0,54.285714285714285,6.419407387663744,55.0,60.0,60.0
Banana___Ajattihalli(Uzhavar Sandhai ),2025-05-14,59.73849460735627,58.24925006724082,60.481197284036746,55.0,5.0,2.0,0.0,53.57142857142857,6.387229704394851,55.0,60.0,60.0
Banana___Ajattihalli(Uzhavar Sandhai ),2025-05-15,56.81061281795569,58.247841205774726,60.3524070665847,55.0,5.0,3.0,0.0,52.85714285714285,6.333236937766559,55.0,60.0,60.0
Banana___Ajattihalli(Uzhavar Sandhai ),2025-05-16,40.728854369930765,57.90518649711548,53.305624371548355,55.0,5.0,4.0,0.0,52.142857142857146,6.256864362310587,55.0,45.0,60.0
Banana___Ajattihalli(Uzhavar Sandhai ),2025-05-17,23.24856435760412,57.87051869146538,47.485000131027135,40.0,5.0,5.0,1.0,53.57142857142857,6.157279262148869,55.0,40.0,60.0
Banana___Ajattihalli(Uzhavar Sandhai ),2025-05-18,37.43925999955205,58.042959320841646,54.2973903319765,45.0,5.0,6.0,1.0,53.57142857142857,7.300459115473755,40.0,60.0,60.0
Banana___Ajattihalli(Uzhavar Sandhai ),2025-05-19,40.213902628641236,57.445816775983246,54.636748914482965,38.0,5.0,0.0,0.0,51.42857142857143,7.495419846901119,45.0,55.0,38.0
Banana___Ajattihalli(Uzhavar Sandhai ),2025-05-20,43.59311968277595,57.22218326295019,55.22486022887838,55.0,5.0,1.0,0.0,49.0,8.233208019096491,38.0,55.0,40.0
Banana___Ajattihalli(Uzhavar Sandhai ),2025-05-21,42.64494889028242,57.232768282832,55.34911701517704,40.0,5.0,2.0,0.0,49.0,7.946247991527675,55.0,55.0,60.0
Banana___Ajattihalli(Uzhavar Sandhai ),2025-05-22,44.0852055606182,57.54462914824522,54.977827780952005,50.0,5.0,3.0,0.0,46.85714285714285,8.0561218275979,40.0,55.0,60.0
Banana___Ajattihalli(Uzhavar Sandhai ),2025-05-23,45.08070735150092,57.553983403921244,54.56300495892724,50.0,5.0,4.0,0.0,46.142857142857146,7.512626733677166,50.0,55.0,60.0
Banana___Ajattihalli(Uzhavar Sandhai ),2025-05-24,37.67673515712184,57.10349823809682,47.722599575708216,50.0,5.0,5.0,1.0,45.42857142857143,7.418791110313187,50.0,40.0,60.0
Banana___Ajattihalli(Uzhavar Sandhai ),2025-05-25,35.49553962456539,57.12240437566361,47.80629198439712,45.0,5.0,6.0,1.0,46.85714285714285,6.896806077158797,50.0,45.0,60.0
Banana___Ajattihalli(Uzhavar Sandhai ),2025-05-26,30.42322436431781,49.66707943056286,44.357957831875765,50.0,5.0,0.0,0.0,46.85714285714285,6.407413288913512,45.0,38.0,60.0
Banana___Ajattihalli(Uzhavar Sandhai ),2025-05-27,39.14558313739286,58.01524630168328,50.6359280981994,50.0,5.0,1.0,0.0,48.57142857142857,6.19153977901824,50.0,55.0,40.0
Banana___Ajattihalli(Uzhavar Sandhai ),2025-05-28,35.10203842971393,50.54201552220594,44.85345130712804,50.0,5.0,2.0,0.0,47.85714285714285,5.944801034572958,50.0,40.0,45.0
Banana___Ajattihalli(Uzhavar Sandhai ),2025-05-29,40.094698611555856,56.13984112231867,47.78745447333252,50.0,5.0,3.0,0.0,49.285714285714285,5.663164183689974,50.0,50.0,60.0
Banana___Ajattihalli(Uzhavar Sandhai ),2025-05-30,62.21057744550638,55.68123027621753,47.38168120604043,45.0,5.0,4.0,0.0,49.285714285714285,5.341111544189363,50.0,50.0,60.0
Banana___Ajattihalli(Uzhavar Sandhai ),2025-05-31,61.030320401455974,55.753572088395615,46.90486421500934,50.0,5.0,5.0,1.0,48.57142857142857,4.945860740208804,45.0,50.0,60.0
Banana___Ajattihalli(Uzhavar Sandhai ),2025-06-01,63.37390520143496,50.57252341931965,45.2857151589836,50.0,6.0,6.0,1.0,48.57142857142857,4.564555272440589,50.0,45.0,60.0
Banana___Ajattihalli(Uzhavar Sandhai ),2025-06-02,67.89028017967766,55.88687010835075,47.3694508113806,50.0,6.0,0.0,0.0,49.285714285714285,4.531331706349403,50.0,50.0,60.0
Banana___Ajattihalli(Uzhavar Sandhai ),2025-06-03,70.91863326199095,55.58578182671515,49.36517079555155,50.0,6.0,1.0,0.0,49.285714285714285,3.496466033765398,50.0,50.0,60.0
Banana___Ajattihalli(Uzhavar Sandhai ),2025-06-04,70.71051904694866,57.105671759769244,48.74469912938092,50.0,6.0,2.0,0.0,49.285714285714285,3.056249227510696,50.0,50.0,60.0
Banana___Ajattihalli(Uzhavar Sandhai ),2025-06-05,72.16966979285925,55.91770003999324,49.471026595964176,50.0,6.0,3.0,0.0,49.285714285714285,1.815682598006526,50.0,50.0,60.0
Banana___Ajattihalli(Uzhavar Sandhai ),2025-06-06,70.79198084937887,48.44296309353662,46.756414340535784,50.0,6.0,4.0,0.0,49.285714285714285,1.815682598006526,50.0,45.0,60.0
Banana___Ajattihalli(Uzhavar Sandhai ),2025-06-07,67.61156193609784,50.47877603085392,47.49346563260726,50.0,6.0,5.0,1.0,50.0,1.815682598006526,50.0,50.0,60.0
Banana___Ajattihalli(Uzhavar Sandhai ),2025-06-08,67.97613555909166,57.27306708744804,47.58025164626499,45.0,6.0,6.0,1.0,50.0,1.815682598006526,50.0,50.0,45.0
Banana___Ajattihalli(Uzhavar Sandhai ),2025-06-09,67.56341535943741,50.763167179090466,48.60734393003404,50.0,6.0,0.0,0.0,49.285714285714285,1.815682598006526,45.0,50.0,40.0
Banana___Ajattihalli(Uzhavar Sandhai ),2025-06-11,67.22511101816286,52.20614369193674,49.29030746376766,50.0,6.0,2.0,0.0,49.285714285714285,1.815682598006526,50.0,50.0,60.0
Banana___Ajattihalli(Uzhavar Sandhai ),2025-06-12,66.53457251515209,55.860086458227414,50.17898358725082,50.0,6.0,3.0,0.0,49.285714285714285,1.815682598006526,50.0,50.0,55.0
Banana___Ajattihalli(Uzhavar Sandhai ),2025-06-13,64.33645566044474,56.69579519304671,48.79804748035247,50.0,6.0,4.0,0.0,49.285714285714285,1.815682598006526,50.0,50.0,55.0
Banana___Ajattihalli(Uzhavar Sandhai ),2025-06-14,60.26090827706206,56.45389678658928,48.22727448133955,45.0,6.0,5.0,1.0,49.285714285714285,1.815682598006526,50.0,50.0,55.0
Banana___Ajattihalli(Uzhavar Sandhai ),2025-06-15,61.119672534752404,56.62496683522061,49.04815346270115,45.0,6.0,6.0,1.0,48.57142857142857,1.815682598006526,45.0,50.0,55.0
Banana___Ajattihalli(Uzhavar Sandhai ),2025-06-16,56.78030062343001,48.22436455293553,47.95078216918484,50.0,6.0,0.0,0.0,47.85714285714285,2.129076568131696,45.0,45.0,55.0
Banana___Ajattihalli(Uzhavar Sandhai ),2025-06-17,57.3463409974642,57.15511823967621,49.974600519723985,50.0,6.0,1.0,0.0,48.57142857142857,2.129076568131696,50.0,50.0,40.0
Banana___Ajattihalli(Uzhavar Sandhai ),2025-06-18,55.32342577194818,50.641609996845006,49.88385806139607,45.0,6.0,2.0,0.0,48.57142857142857,2.129076568131696,50.0,50.0,45.0
Banana___Ajattihalli(Uzhavar Sandhai ),2025-06-19,53.416722301910035,52.08881883847534,49.57478753585716,50.0,6.0,3.0,0.0,47.85714285714285,2.3440361546925588,45.0,50.0,38.0
Banana___Ajattihalli(Uzhavar Sandhai ),2025-06-20,50.7616325420878,55.533790820376176,49.93574811605281,50.0,6.0,4.0,0.0,47.85714285714285,2.3440361546925588,50.0,50.0,55.0
Banana___Ajattihalli(Uzhavar Sandhai ),2025-06-21,46.09927863152861,46.03855331449019,47.204637640121796,45.0,6.0,5.0,1.0,47.85714285714285,2.3440361546925588,50.0,45.0,40.0
Banana___Ajattihalli(Uzhavar Sandhai ),2025-06-22,45.16816513540314,44.77114720295334,45.571467548143026,45.0,6.0,6.0,1.0,47.85714285714285,2.486225790494307,45.0,45.0,50.0
Banana___Ajattihalli(Uzhavar Sandhai ),2025-06-23,45.464348791268726,46.133687099910055,47.88877134612997,50.0,6.0,0.0,0.0,47.85714285714285,2.567762955065543,45.0,50.0,50.0
Banana___Ajattihalli(Uzhavar Sandhai ),2025-06-24,46.68130805678428,46.68751444698507,48.4225310142122,50.0,6.0,1.0,0.0,47.85714285714285,2.486225790494307,50.0,50.0,50.0
Banana___Ajattihalli(Uzhavar Sandhai ),2025-06-25,43.22981090804231,44.701135850420606,47.60621039061551,50.0,6.0,2.0,0.0,47.85714285714285,2.486225790494307,50.0,45.0,45.0
Banana___Ajattihalli(Uzhavar Sandhai ),2025-06-26,44.66708356080158,45.927546299783735,48.736135219355646,50.0,6.0,3.0,0.0,48.57142857142857,2.486225790494307,50.0,50.0,50.0
Banana___Ajattihalli(Uzhavar Sandhai ),2025-06-28,43.114179382375816,46.67570318235637,47.8828586975025,50.0,6.0,5.0,1.0,48.57142857142857,2.486225790494307,50.0,50.0,50.0
Banana___Ajattihalli(Uzhavar Sandhai ),2025-06-29,41.605172247506005,44.835414667499485,46.32054507427058,55.0,6.0,6.0,1.0,48.57142857142857,2.486225790494307,50.0,45.0,50.0
